Start, End
Kochi Kerala India,Trivandrum Kerala India
Kochi Kerala India,Coimbatore Tamil Nadu India
Kochi Kerala India,Kollam Kerala India
Kochi Kerala India,Kottayam Kerala India
Kochi Kerala India,Ernakulam Kerala India
Pala Kerala India,Ettumanoor Kerala India
Pala Kerala India,Kothamangalam Kerala India
Pala Kerala India,Kochi Kerala India
Pala Kerala India,Kollam Kerala India
Pala Kerala India,Neriamangalam Kerala India
Trivandrum Kerala India,Kottayam Kerala India
Trivandrum Kerala India,Thrissur Kerala India
Trivandrum Kerala India,Kollam Kerala India
Trivandrum Kerala India,Palakkad Kerala India
Trivandrum Kerala India,Kumily Kerala India
